postTitle,postDescription,text,likesCount,facebookUrl,clean_text,sentiment_textblob,score_textblob,sentiment_bert,score_bert,modeles_accord
,,"Non seulement je ne vous parle pas de la mauvaise qualité de la connexion internet mais aussi d' une tarification abusive des forfaits , je n' arrive toujours pas à comprendre un forfait de 30g acheté le 25 Août et aujourd'hui on est le 6 je consulte et biimmmm #00G en moins de 12 jours pour un forfait de 30 jours. C'est purement de l' #arnaque . Vous faites pire que la concurrence Expresso Senegal . Je vous déconseille fortement ces forfaits franchement  Expresso Senegal",0,https://web.facebook.com/photo/?fbid=1227776409390729&set=a.454658450035866&locale=fr_FR,non seulement parle mauvaise qualit connexion internet aussi tarification abusive forfaits arrive toujours comprendre forfait g achet aot aujourdhui consulte biimmmm moins jours forfait jours cest purement faites pire concurrence expresso senegal dconseille fortement forfaits franchement expresso senegal,Neutre,0.0,Négatif,0.9578,False
,,Sen 30 giga yi xolaat leen ko déjà le réseau n'est pas stable et vous facturez plus de giga pour rien,0,https://web.facebook.com/photo?fbid=1283745120460524&set=a.454658450035866&locale=fr_FR,sen giga yi xolaat leen ko dj rseau nest stable facturez plus giga rien,Neutre,0.0,Négatif,0.5856,False
,,Comment active une ligne svp,0,https://web.facebook.com/photo?fbid=1283745120460524&set=a.454658450035866&locale=fr_FR,comment active ligne svp,Négatif,-0.1333,Positif,0.3777,False
,,Ah mangui beug maguett Ndékété mangui si keurgui depuis 2009,0,https://web.facebook.com/photo?fbid=1283745120460524&set=a.454658450035866&locale=fr_FR,ah mangui beug maguett ndkt mangui si keurgui depuis,Neutre,0.0,Négatif,0.4718,False
,,"Ziguinchor, rond-point Jean Paul 2",0,https://web.facebook.com/photo/?fbid=1229620389206331&set=a.454658450035866&locale=fr_FR,ziguinchor rondpoint jean paul,Neutre,0.0,Positif,0.2586,False
,,Sa me rappelle manifestations bou drapeau Sénégal nek si gaw ak manifestants bii,0,https://web.facebook.com/photo/?fbid=1229620389206331&set=a.454658450035866&locale=fr_FR,rappelle manifestation bou drapeau sngal nek si gaw ak manifestants bii,Neutre,0.0,Neutre,0.2748,True
,,"@Expresso Senegal 
Ziguinchor, la terre des Hommes intègres Rond point Jean Paul 2",0,https://web.facebook.com/photo/?fbid=1229620389206331&set=a.454658450035866&locale=fr_FR,senegal ziguinchor terre hommes intgres rond point jean paul,Neutre,0.0,Positif,0.3938,False
,,Rond point Jeau Paul 2,0,https://web.facebook.com/photo/?fbid=1229620389206331&set=a.454658450035866&locale=fr_FR,rond point jeau paul,Neutre,0.0,Positif,0.2681,False
"Forfait bu am vitamine, moy Buur 3000F bii ! 
Profite de 30 Go internet ak 300 minutes d'appels tous réseaux. 
Valable 30 jours. Activer ko gaaw au *19*30#

Ku mën na def !

#Buur3000 #ExpressoSenegal",,Lolou yep am réseau boubakh moko gueun,0,https://web.facebook.com/Expresso221/posts/pfbid02rr1rNzvPWKLGrResZH6MNRbPVDPPYXPJuFPuocJwRPNZ6fipoMhdQVJ5ZWjrjevel?locale=fr_FR,lolou yep am rseau boubakh moko gueun,Neutre,0.0,Neutre,0.2355,True
"Forfait bu am vitamine, moy Buur 3000F bii ! 
Profite de 30 Go internet ak 300 minutes d'appels tous réseaux. 
Valable 30 jours. Activer ko gaaw au *19*30#

Ku mën na def !

#Buur3000 #ExpressoSenegal",,"J’ai entendu dire que 3000f =30 Go internet. Hier j’ai acheté une carte SIM expresso puis activer les 3000f . Tous se passait à merveille jusqu’à 17h rien de marche,le réseau ne marche plus alors que j’ai identifié la puce et la configurer aussi. En ce moment j’ai presque 28 Go et je peux pas connecter. Je regrette vraiment d’avoir choisi l’expresso. Thies Medina fall",0,https://web.facebook.com/Expresso221/posts/pfbid02rr1rNzvPWKLGrResZH6MNRbPVDPPYXPJuFPuocJwRPNZ6fipoMhdQVJ5ZWjrjevel?locale=fr_FR,jai entendu dire f go internet hier jai achet carte sim expresso puis activer f tous passait merveille jusqu h rien marchele rseau marche plus alors jai identifi puce configurer aussi moment jai presque go peux connecter regrette vraiment davoir choisi lexpresso thies medina fall,Neutre,0.0,Négatif,0.7298,False
"Forfait bu am vitamine, moy Buur 3000F bii ! 
Profite de 30 Go internet ak 300 minutes d'appels tous réseaux. 
Valable 30 jours. Activer ko gaaw au *19*30#

Ku mën na def !

#Buur3000 #ExpressoSenegal",,"Un opérateur qui se concentre uniquement dans les villes peut même faire 30 Go pour 1500 F 
Lii dou victoire Senegal dou DAKAR Ak Thiès",0,https://web.facebook.com/Expresso221/posts/pfbid02rr1rNzvPWKLGrResZH6MNRbPVDPPYXPJuFPuocJwRPNZ6fipoMhdQVJ5ZWjrjevel?locale=fr_FR,oprateur concentre uniquement villes peut mme faire go f lii dou victoire senegal dou dakar ak this,Neutre,0.0,Négatif,0.2602,False
"Forfait bu am vitamine, moy Buur 3000F bii ! 
Profite de 30 Go internet ak 300 minutes d'appels tous réseaux. 
Valable 30 jours. Activer ko gaaw au *19*30#

Ku mën na def !

#Buur3000 #ExpressoSenegal",,Mo meilleur,0,https://web.facebook.com/Expresso221/posts/pfbid02rr1rNzvPWKLGrResZH6MNRbPVDPPYXPJuFPuocJwRPNZ6fipoMhdQVJ5ZWjrjevel?locale=fr_FR,mo meilleur,Neutre,0.0,Positif,0.6793,False
"Forfait bu am vitamine, moy Buur 3000F bii ! 
Profite de 30 Go internet ak 300 minutes d'appels tous réseaux. 
Valable 30 jours. Activer ko gaaw au *19*30#

Ku mën na def !

#Buur3000 #ExpressoSenegal",,Ok mai connexion bi dafa faible partout,0,https://web.facebook.com/Expresso221/posts/pfbid02rr1rNzvPWKLGrResZH6MNRbPVDPPYXPJuFPuocJwRPNZ6fipoMhdQVJ5ZWjrjevel?locale=fr_FR,ok mai connexion bi dafa faible partout,Positif,0.5,Neutre,0.5194,False
"Forfait bu am vitamine, moy Buur 3000F bii ! 
Profite de 30 Go internet ak 300 minutes d'appels tous réseaux. 
Valable 30 jours. Activer ko gaaw au *19*30#

Ku mën na def !

#Buur3000 #ExpressoSenegal",,Bima la diokhé sama numéro ba légui meuno ma revenir ci loutakh réseau bii gnew,0,https://web.facebook.com/Expresso221/posts/pfbid02rr1rNzvPWKLGrResZH6MNRbPVDPPYXPJuFPuocJwRPNZ6fipoMhdQVJ5ZWjrjevel?locale=fr_FR,bima diokh sama numro ba lgui meuno revenir ci loutakh rseau bii gnew,Neutre,0.0,Négatif,0.5606,False
"Forfait bu am vitamine, moy Buur 3000F bii ! 
Profite de 30 Go internet ak 300 minutes d'appels tous réseaux. 
Valable 30 jours. Activer ko gaaw au *19*30#

Ku mën na def !

#Buur3000 #ExpressoSenegal",,Mai séne réseau bi bakhoul,0,https://web.facebook.com/Expresso221/posts/pfbid02rr1rNzvPWKLGrResZH6MNRbPVDPPYXPJuFPuocJwRPNZ6fipoMhdQVJ5ZWjrjevel?locale=fr_FR,mai sne rseau bi bakhoul,Neutre,0.0,Neutre,0.3142,True
"Ku xam sa valeur,  mo ley Teral sa souné !
Ño ngi leen di dalal au #115# dans notre programme de fidélité.

Souscrivez et recevez des points  après chaque activation de forfaits. 
Points yoyu ngey convertir en minute d’appels wala connexion !

Fidélité ci Expresso dëgg dëgg dey fey ! 

#ExpressoSenegal
#TeralDay 
#FidelitéDeyFay",,J'ai acheté un pass mais depuis ça ne fonctionne pas et le service client n'aide pas du tout,0,https://web.facebook.com/Expresso221/posts/pfbid024DePzLRJHizKDSySYZt3ZC4EXEF6CAykqaJvbnVoDAjA1rB2C6X4cSbsgh9hksDNl?locale=fr_FR,jai achet pas depuis a fonctionne service client naide tout,Neutre,0.0,Négatif,0.7377,False
"Ku xam sa valeur,  mo ley Teral sa souné !
Ño ngi leen di dalal au #115# dans notre programme de fidélité.

Souscrivez et recevez des points  après chaque activation de forfaits. 
Points yoyu ngey convertir en minute d’appels wala connexion !

Fidélité ci Expresso dëgg dëgg dey fey ! 

#ExpressoSenegal
#TeralDay 
#FidelitéDeyFay",,Vous coupez nos puces et si on vous appellez ça passe pas,0,https://web.facebook.com/Expresso221/posts/pfbid024DePzLRJHizKDSySYZt3ZC4EXEF6CAykqaJvbnVoDAjA1rB2C6X4cSbsgh9hksDNl?locale=fr_FR,coupez puce si appellez a passe,Neutre,0.0,Négatif,0.5962,False
,,"Qualité mo geune quantité... A chak fois avec le buur 3000f.
30 Gigas you amoul bene ndiarigne, 3g sakh dou dialeu je parles pas du 4g... Désolé mais qualité de réseau ZERO",1,https://web.facebook.com/photo/?fbid=1258954512939585&set=a.454658450035866&locale=fr_FR,qualit mo geune quantit a chak fois buur f gigas you amoul bene ndiarigne g sakh dou dialeu parles g dsol qualit rseau zero,Neutre,0.0,Négatif,0.6424,False
,,Forfaits limités mo fi wara diéx,0,https://web.facebook.com/photo/?fbid=1258954512939585&set=a.454658450035866&locale=fr_FR,forfaits limit mo fi wara dix,Neutre,0.0,Positif,0.3167,False
,,Liii bou yague nguenko wara daf les arnaqueurs passent par tigo ou expresso souvent,4,https://web.facebook.com/photo/?fbid=1273686608133042&set=a.454658450035866&locale=fr_FR,liii bou yague nguenko wara daf arnaqueurs passent tigo expresso souvent,Neutre,0.0,Négatif,0.4494,False
,,"Vous êtes les premiers responsables, pourquoi vous vendez les puces ds la rue sans identication?
Toute personne souhaitant avoir une puce expresso devrait se déplacer en agence et être identifié en même temps.",4,https://web.facebook.com/photo/?fbid=1273686608133042&set=a.454658450035866&locale=fr_FR,premier responsables pourquoi vendez puce d rue sans identication toute personne souhaitant avoir puce expresso devrait dplacer agence tre identifi mme temp,Neutre,0.0,Négatif,0.6267,False
,,Meilleurs,0,https://web.facebook.com/photo/?fbid=1273686608133042&set=a.454658450035866&locale=fr_FR,meilleurs,Neutre,0.0,Positif,0.741,False
,,Moi j’ai déjà identifié ma puce mais comment en être sûre,0,https://web.facebook.com/photo/?fbid=1273686608133042&set=a.454658450035866&locale=fr_FR,jai dj identifi puce comment tre sre,Neutre,0.0,Positif,0.3035,False
,,Kedougou réseau bi dou dara vous pouvez couper tout,1,https://web.facebook.com/photo/?fbid=1273686608133042&set=a.454658450035866&locale=fr_FR,kedougou rseau bi dou dara pouvez couper tout,Neutre,0.0,Négatif,0.2654,False
,,Dolen suspendre ken sen ay puce laniouy diay si mbeed bi 500 franc sans identification et vous êtes au courant ndax yenako sentané sen ay bus laniouy nek donc bouln niousonal ak identification,0,https://web.facebook.com/photo/?fbid=1273686608133042&set=a.454658450035866&locale=fr_FR,dolen suspendre ken sen ay puce laniouy diay si mbeed bi franc sans identification courant ndax yenako sentan sen ay bus laniouy nek donc bouln niousonal ak identification,Neutre,0.0,Négatif,0.7418,False
,,Gni dieund ak sen CNI nak diaratuko di et pourquoi vendre des puces activé seulement,0,https://web.facebook.com/photo/?fbid=1273686608133042&set=a.454658450035866&locale=fr_FR,gni dieund ak sen cni nak diaratuko di pourquoi vendre puce activ seulement,Neutre,0.0,Négatif,0.5499,False
,,Mane identifié nako ba paré mais à chaque fois gnoumay wo wala envoyé message que identifier wouma ko,1,https://web.facebook.com/photo/?fbid=1273686608133042&set=a.454658450035866&locale=fr_FR,mane identifi nako ba chaque fois gnoumay wo wala envoy message identifier wouma ko,Neutre,0.0,Négatif,0.421,False
,,C’est une promo ou une nouvelle offre Expresso Senegal,0,https://web.facebook.com/photo/?fbid=1273435594824810&set=a.454658450035866&locale=fr_FR,cest promo nouvelle offre expresso senegal,Neutre,0.0,Positif,0.4086,False
,,C'est vrai ce que  tu as dit expresso Sénégal,0,https://web.facebook.com/photo/?fbid=1246236070878096&set=a.454658450035866&locale=fr_FR,cest vrai dit expresso sngal,Neutre,0.0,Positif,0.4986,False
,,Réseau bi bakhoul dra à kedougou,0,https://web.facebook.com/photo?fbid=1279224137579289&set=a.454658450035866&locale=fr_FR,rseau bi bakhoul dra kedougou,Neutre,0.0,Positif,0.303,False
,,"Bonjour la communauté, moi je suis Congolaise résidant à l'Etats Unis Amérique,sans vous mentir l'HÉPATITE n'est pas une maladie qu'on traite à l'hôpital,tu seras fatigué des ordonnances pour des dépenses inutiles mais aucune satisfaction .Pour tous vos problème lié à l'HÉPATITE,rejoindre ce docteur traditionnel béninois. C'est lui qui m'a aidé à trouver de la guérison totale pour mon cas à l'aide de ces produits purement naturels. Il est vraiment spécialisé dans son domaine et encore sérieux dans son travail.En cas de besoin contacter lui sur WhatsApp en cliquant 
https://wa.me/message/Z5KYQPHAMV6OI1
NB : Il traite aussi les autres maladies comme Kyste, myome, Fibrome, Règle douloureuse, faiblesse sexuelle, tomber enceinte, mauvaise haleine et surtout VIH/SIDA..",0,https://web.facebook.com/photo?fbid=1279224137579289&set=a.454658450035866&locale=fr_FR,bonjour communaut congolaise rsidant letats unis amriquesans mentir lhpatite nest maladie quon traite lhpitaltu fatigu ordonnances dpenses inutiles aucune satisfaction tous problme li lhpatiterejoindre docteur traditionnel bninois cest aid trouver gurison totale ca laide produits purement naturels vraiment spcialis domaine encore srieux travailen ca besoin contacter whatsapp cliquant nb traite aussi autres malady comme kyste myome fibrome rgle douloureuse faiblesse sexuelle tomber enceinte mauvaise haleine surtout vihsida,Neutre,0.0,Positif,0.3619,False
,,So lébé credit expresso ndax dinga ko mana dougeul connexion,0,https://web.facebook.com/photo/?fbid=1259306272904409&set=a.454658450035866&locale=fr_FR,so lb credit expresso ndax dinga ko mana dougeul connexion,Neutre,0.0,Neutre,0.3492,True
,,Vous êtes meilleures,0,https://web.facebook.com/photo/?fbid=1259306272904409&set=a.454658450035866&locale=fr_FR,meilleures,Neutre,0.0,Positif,0.4674,False
,,Mère  opérateur,0,https://web.facebook.com/photo/?fbid=1259306272904409&set=a.454658450035866&locale=fr_FR,mre oprateur,Neutre,0.0,Neutre,0.252,True
,,Ken meunoul connecté wou normalement ndakh réseau bou bone,2,https://web.facebook.com/photo/?fbid=1240802324754804&set=a.454658450035866&locale=fr_FR,ken meunoul connect wou normalement ndakh rseau bou bone,Neutre,0.0,Neutre,0.3125,True
,,Sama connexion bi danko nangou ndakh date bi dafa diot pourquoi pas renouvellement ?,0,https://web.facebook.com/photo/?fbid=1240802324754804&set=a.454658450035866&locale=fr_FR,sama connexion bi danko nangou ndakh date bi dafa diot pourquoi renouvellement,Neutre,0.0,Neutre,0.3423,True
,,Je me forme....vous pouvez rajouter ce quatrième élément il me semble.....tout nest pas amusement.....et il serait bien de contribuer à inculquer cette réalité aux gens.....dans you tube et autre il ya plein de vidéos de formation et dans tous les domaines......,0,https://web.facebook.com/photo/?fbid=1240802324754804&set=a.454658450035866&locale=fr_FR,formevous pouvez rajouter quatrime lment sembletout nest amusementet bien contribuer inculquer cette ralit gensdans you tube autre ya plein vidos formation tous domaines,Neutre,0.0,Positif,0.3392,False
,,"Mome nékhna trop surtout bou 3000f bi ohh

Mes le problème est que sou courant coupé do ame réseau sougnou côté fii",0,https://web.facebook.com/photo/?fbid=1240802324754804&set=a.454658450035866&locale=fr_FR,mome nkhna trop surtout bou f bi ohh problme sou courant coup do ame rseau sougnou ct fii,Neutre,0.0,Négatif,0.4413,False
,,Da ngay ame connexion té doko meune utilisé depuis hier,0,https://web.facebook.com/photo/?fbid=1240802324754804&set=a.454658450035866&locale=fr_FR,da ngay ame connexion doko meune utilis depuis hier,Neutre,0.0,Positif,0.4708,False
,,"Expresso ne couvre pas toutes les zones à 30 kms de Mbour tu n'arrives pas à répondre aux appels zéro couverture de réseaux connexion n'y penses même pas.
Et ce qui m'étonne quand il y'a coupure d'électricité si le wifi saute tu perds parallèlement le réseau expresso. Je ne sais pourquoi pourquoi cette interdépendance. 
A la question : je regarde canal+ les matchs rfi YouTube...",0,https://web.facebook.com/photo/?fbid=1240802324754804&set=a.454658450035866&locale=fr_FR,expresso couvre toutes zone km mbour narrives rpondre appels zro couverture rseaux connexion ny penses mme mtonne quand ya coupure dlectricit si wifi saute perds paralllement rseau expresso sais pourquoi pourquoi cette interdpendance a question regarde canal match rfi youtube,Neutre,0.0,Négatif,0.5902,False
,,"Game ak réseaux sociaux yi nio may ray surtout X , WhatsApp ak Facebook  bur 3000 bi sou amoul wone rk mou niaw‍↕️2019 ba leguii yen lay topou",0,https://web.facebook.com/photo/?fbid=1240802324754804&set=a.454658450035866&locale=fr_FR,game ak rseaux sociaux yi nio may ray surtout x whatsapp ak facebook bur bi sou amoul wone rk mou niaw ba leguii yen lay topou,Négatif,-0.4,Négatif,0.375,True
,,"Expresso perd sa valeur, refaites votre posture. J'attends toujours mes sms",0,https://web.facebook.com/photo/?fbid=1240802324754804&set=a.454658450035866&locale=fr_FR,expresso perd valeur refaites posture jattends toujours sm,Neutre,0.0,Négatif,0.4539,False
,,"Mani nguene ga si promo 5000=50 gigas 

Dano yakamti

Man j'ai acheté ma puce le premier jour de votre démarrage",1,https://web.facebook.com/photo/?fbid=1243536627814707&set=a.454658450035866&locale=fr_FR,mani nguene ga si promo gigas dano yakamti man jai achet puce premier jour dmarrage,Neutre,0.0,Négatif,0.4997,False
,,Votre service client reste vraiment à désirer. Depuis deux semaines je cours derrière vous parceque j’arrive pas à passer des appels avec ma puce. Mais toujours le meme refrain fait attendre 72h. Sur ce coup vous êtes vraiment incompétent.,0,https://web.facebook.com/photo/?fbid=1243536627814707&set=a.454658450035866&locale=fr_FR,service client reste vraiment dsirer depuis deux semaines cours derrire parceque jarrive passer appels puce toujours meme refrain fait attendre h coup vraiment incomptent,Neutre,0.0,Négatif,0.5267,False
,,Nenalen Expresso moy Sénégal,0,https://web.facebook.com/photo/?fbid=1243536627814707&set=a.454658450035866&locale=fr_FR,nenalen expresso moy sngal,Neutre,0.0,Négatif,0.4443,False
,,10 ans de fidélité.,0,https://web.facebook.com/photo/?fbid=1243536627814707&set=a.454658450035866&locale=fr_FR,an fidlit,Neutre,0.0,Positif,0.7595,False
,,J'active chaque moi mon forfait buur 5000f,0,https://web.facebook.com/photo/?fbid=1243536627814707&set=a.454658450035866&locale=fr_FR,jactive chaque forfait buur f,Négatif,-0.1333,Positif,0.8138,False
,,Personnellement mom merénalen lol sah,1,https://web.facebook.com/photo/?fbid=1243536627814707&set=a.454658450035866&locale=fr_FR,personnellement mom mernalen lol sah,Positif,0.8,Positif,0.2867,True
"Forfait bu am vitamine, moy Buur 3000F bii ! 
Profite de 30 Go internet ak 300 minutes d'appels tous réseaux. 
Valable 30 jours. Activer ko gaaw au *19*30#

Ku mën na def !

#Buur3000 #ExpressoSenegal",,"Slt Mr ou Mme l'administrateur du compte je des problème dépasse des appels avec mon Sim expresso alors que j'ai du crédit il ne passe même plus .
Le réseau est normal mais les appels ne passe pas",0,https://web.facebook.com/Expresso221/posts/pfbid02rr1rNzvPWKLGrResZH6MNRbPVDPPYXPJuFPuocJwRPNZ6fipoMhdQVJ5ZWjrjevel?locale=fr_FR,slt mr mme ladministrateur compte problme dpasse appels sim expresso alors jai crdit passe mme plus rseau normal appels passe,Positif,0.15,Négatif,0.3991,False
"Forfait bu am vitamine, moy Buur 3000F bii ! 
Profite de 30 Go internet ak 300 minutes d'appels tous réseaux. 
Valable 30 jours. Activer ko gaaw au *19*30#

Ku mën na def !

#Buur3000 #ExpressoSenegal",,Nou ni  kholé ni sa puce mi gui sa tour,0,https://web.facebook.com/Expresso221/posts/pfbid02rr1rNzvPWKLGrResZH6MNRbPVDPPYXPJuFPuocJwRPNZ6fipoMhdQVJ5ZWjrjevel?locale=fr_FR,nou ni khol ni puce mi gui tour,Neutre,0.0,Négatif,0.4254,False
"Forfait bu am vitamine, moy Buur 3000F bii ! 
Profite de 30 Go internet ak 300 minutes d'appels tous réseaux. 
Valable 30 jours. Activer ko gaaw au *19*30#

Ku mën na def !

#Buur3000 #ExpressoSenegal",,Wa Expresso ay arnaqeur laniou diende pass internet illimité ga connecte 3 jours gniou coupe ko c'est grave,0,https://web.facebook.com/Expresso221/posts/pfbid02rr1rNzvPWKLGrResZH6MNRbPVDPPYXPJuFPuocJwRPNZ6fipoMhdQVJ5ZWjrjevel?locale=fr_FR,wa expresso ay arnaqeur laniou diende pas internet illimit ga connecte jours gniou coupe ko cest grave,Neutre,0.0,Négatif,0.874,False
,,"La green zone 
Poumon vert du Sénégal 
La terre des guerriers 
Terroir des braves femmes
La Casamance, Ziguinchor, escale, rond point Jean Paul 2",0,https://web.facebook.com/photo/?fbid=1229620389206331&set=a.454658450035866&locale=fr_FR,green zone poumon vert sngal terre guerriers terroir brave femmes casamance ziguinchor escale rond point jean paul,Négatif,-0.2,Positif,0.355,False
,,"Salut comment ça va , vous avez coupé mon numéro qu'est ce qui se passe ?",1,https://web.facebook.com/photo/?fbid=1273686608133042&set=a.454658450035866&locale=fr_FR,salut comment a va coup numro quest passe,Neutre,0.0,Négatif,0.2795,False
,,#N°CNI ça veut dire quoi quoi je vais me identifier,0,https://web.facebook.com/photo/?fbid=1273686608133042&set=a.454658450035866&locale=fr_FR,cni a veut dire quoi quoi vais identifier,Neutre,0.0,Positif,0.3456,False
,,Beaucoup le font mais ça ne passe pas il faut revoir le système.,1,https://web.facebook.com/photo/?fbid=1273686608133042&set=a.454658450035866&locale=fr_FR,beaucoup font a passe faut revoir systme,Neutre,0.0,Négatif,0.4273,False
,,Man mom depuis 2015 ba legui magui utiliser expresso bobou 500f lako dieundon tay gniou djeki djeki rék gnouni ma daguay identifier puce bi wala gnou bloqué la ma rotthi puce bi ndank deme wouti puce orange togue di khar bloqué nak,0,https://web.facebook.com/photo/?fbid=1273686608133042&set=a.454658450035866&locale=fr_FR,man mom depuis ba legui magui utiliser expresso bobou f lako dieundon tay gniou djeki djeki rk gnouni daguay identifier puce bi wala gnou bloqu rotthi puce bi ndank deme wouti puce orange togue di khar bloqu nak,Neutre,0.0,Négatif,0.5416,False
,,J'ai envoyé sms m on m demande allé vers les locaux,0,https://web.facebook.com/photo/?fbid=1273686608133042&set=a.454658450035866&locale=fr_FR,jai envoy sm demande all vers locaux,Neutre,0.0,Négatif,0.5229,False
,,Expresso Senegal dama beugone récupérer sama puce. Bane agence moma geuna diégue. J'habite à niary Tally,0,https://web.facebook.com/photo/?fbid=1273686608133042&set=a.454658450035866&locale=fr_FR,expresso senegal dama beugone rcuprer sama puce bane agence moma geuna digue jhabite niary tally,Neutre,0.0,Négatif,0.5451,False
,,"Thieuy napanté biiexpresso di napé, utilisateur yi di napé",0,https://web.facebook.com/photo/?fbid=1273686608133042&set=a.454658450035866&locale=fr_FR,thieuy napant biiexpresso di nap utilisateur yi di nap,Neutre,0.0,Négatif,0.3677,False
,,Comment savoir si la puce est identifié,0,https://web.facebook.com/photo/?fbid=1273686608133042&set=a.454658450035866&locale=fr_FR,comment savoir si puce identifi,Neutre,0.0,Neutre,0.2925,True
,,Esque  çà marche pour CNI Guinée ?,0,https://web.facebook.com/photo/?fbid=1273686608133042&set=a.454658450035866&locale=fr_FR,esque marche cni guine,Neutre,0.0,Négatif,0.3661,False
,,Réseau,0,https://web.facebook.com/photo/?fbid=1240802324754804&set=a.454658450035866&locale=fr_FR,rseau,Neutre,0.0,Positif,0.3578,False
,,"Super connexion avec les réseaux sociaux vraiment merci Expresso Senegal 
L'homme au 3puces expresso Moussa Dione Le Sénégalais",1,https://web.facebook.com/photo/?fbid=1240802324754804&set=a.454658450035866&locale=fr_FR,super connexion rseaux sociaux vraiment merci expresso senegal lhomme puce expresso moussa dione sngalais,Positif,0.3333,Positif,0.7248,True
,,Yénamaay wéteuli sayouma néké hors de chez moi ✅♥️,0,https://web.facebook.com/photo/?fbid=1240802324754804&set=a.454658450035866&locale=fr_FR,ynamaay wteuli sayouma nk hors chez,Neutre,0.0,Négatif,0.3101,False
,,Sene réseau bii  nimou bone eupena,0,https://web.facebook.com/photo/?fbid=1240802324754804&set=a.454658450035866&locale=fr_FR,sene rseau bii nimou bone eupena,Neutre,0.0,Neutre,0.2891,True
,,Je suis fatigué des nombreux SMS de pub que vous m’envoyez à longueur de journée parfois je suis obligé de désactiver mon numéro Expresso pour avoir la paix avec mon téléphone faites quelque chose sinon vous risquez de perdre un fidèle client,0,https://web.facebook.com/photo/?fbid=1240802324754804&set=a.454658450035866&locale=fr_FR,fatigu nombreux sm pub menvoyez longueur journe parfois oblig dsactiver numro expresso avoir paix tlphone faites quelque chose sinon risquez perdre fidle client,Neutre,0.0,Négatif,0.4374,False
,,11 ans de fidélité,0,https://web.facebook.com/photo/?fbid=1243536627814707&set=a.454658450035866&locale=fr_FR,an fidlit,Neutre,0.0,Positif,0.6321,False
,,3 puce Expresso Senegal dit mieux ??,2,https://web.facebook.com/photo/?fbid=1243536627814707&set=a.454658450035866&locale=fr_FR,puce expresso senegal dit mieux,Neutre,0.0,Négatif,0.3315,False
,,Vous devez régler d'abord votre connexion internet c'est vraiment très lent,0,https://web.facebook.com/photo/?fbid=1273686608133042&set=a.454658450035866&locale=fr_FR,devez rgler dabord connexion internet cest vraiment trs lent,Neutre,0.0,Négatif,0.6292,False
,,Comment savoir si le numéro est identifié pour être sure?,0,https://web.facebook.com/photo/?fbid=1273686608133042&set=a.454658450035866&locale=fr_FR,comment savoir si numro identifi tre sure,Positif,0.5,Neutre,0.3287,False
,,On puce je l’ai depuis 2016 mais chaque que j’essaye ça ne marche pas,0,https://web.facebook.com/photo/?fbid=1273686608133042&set=a.454658450035866&locale=fr_FR,puce lai depuis chaque jessaye a marche,Neutre,0.0,Négatif,0.5669,False
,,"J'arrive pas , j'ai essayé plusieurs fois",0,https://web.facebook.com/photo/?fbid=1273686608133042&set=a.454658450035866&locale=fr_FR,jarrive jai essay plusieurs fois,Neutre,0.0,Négatif,0.5993,False
,,C’est fait ✅,0,https://web.facebook.com/photo/?fbid=1273686608133042&set=a.454658450035866&locale=fr_FR,cest fait,Neutre,0.0,Positif,0.4296,False
,,Thiès réseau bi bakhoul,0,https://web.facebook.com/photo/?fbid=1273686608133042&set=a.454658450035866&locale=fr_FR,this rseau bi bakhoul,Neutre,0.0,Positif,0.3049,False
,,fékhéléne am réseau bou bakh d'abord,0,https://web.facebook.com/photo/?fbid=1273686608133042&set=a.454658450035866&locale=fr_FR,fkhlne am rseau bou bakh dabord,Neutre,0.0,Neutre,0.2512,True
,,J'ai essayé mais ça ne marche pas,0,https://web.facebook.com/photo/?fbid=1273686608133042&set=a.454658450035866&locale=fr_FR,jai essay a marche,Neutre,0.0,Négatif,0.5327,False
,,Mais ça ne marche pas,0,https://web.facebook.com/photo/?fbid=1273686608133042&set=a.454658450035866&locale=fr_FR,a marche,Neutre,0.0,Négatif,0.5635,False
,,Expresso Senegal Dou nguén morom gars yi dé thiow léfi neh rék,0,https://web.facebook.com/photo/?fbid=1233143675520669&set=a.454658450035866&locale=fr_FR,expresso senegal dou ngun morom gar yi thiow lfi neh rk,Neutre,0.0,Négatif,0.4277,False
,,Da nguen di yoke sen forfaits yi noumoulen nekher sans aviser clients yi sen 25 go monekone 2000f  pour 15 jrs legui 25 go c'est à 2500f 5go,0,https://web.facebook.com/photo/?fbid=1233143675520669&set=a.454658450035866&locale=fr_FR,da nguen di yoke sen forfaits yi noumoulen nekher sans aviser client yi sen go monekone f jr legui go cest f go,Neutre,0.0,Négatif,0.3109,False
,,Ensuite 5go à 2000f pour 7jours 5000f 30go yéne kane nguen yabe la khamoul,0,https://web.facebook.com/photo/?fbid=1233143675520669&set=a.454658450035866&locale=fr_FR,ensuite go f jours f go yne kane nguen yabe khamoul,Neutre,0.0,Négatif,0.4674,False
,,Votre réseau ne marche pas à Saly aérodrome mbour,0,https://web.facebook.com/photo/?fbid=1240534338114936&set=a.454658450035866&locale=fr_FR,rseau marche saly arodrome mbour,Neutre,0.0,Négatif,0.7767,False
,,Ou en êtes avec les wifi,0,https://web.facebook.com/photo/?fbid=1248150300686673&set=a.454658450035866&locale=fr_FR,wifi,Neutre,0.0,Positif,0.3128,False
,,Votre réseau est de très très très mauvaise qualité ds le fouta et on est tous obligé de retirer nos puces,0,https://web.facebook.com/photo/?fbid=1248150300686673&set=a.454658450035866&locale=fr_FR,rseau trs trs trs mauvaise qualit d fouta tous oblig retirer puce,Neutre,0.0,Négatif,0.9322,False
,,Expresso Senegal Bjr le réseau est mauvais ce matin à Diamniadio,0,https://web.facebook.com/photo/?fbid=1248150300686673&set=a.454658450035866&locale=fr_FR,expresso senegal bjr rseau mauvais matin diamniadio,Neutre,0.0,Négatif,0.7262,False
,,"J'ai essayé ce que vous avez dit 2#PRENOM#NOM#NUMERO DE CARTE D'IDENTITE.
Ensuite on me dit d'aller vers une agence proche. Si vous ne pouvez pas m'identifier à distance alors désolée et by by.",0,https://web.facebook.com/photo/?fbid=1273686608133042&set=a.454658450035866&locale=fr_FR,jai essay dit carte didentite ensuite dit daller vers agence proche si pouvez midentifier distance alors dsole by by,Neutre,0.0,Négatif,0.4625,False
,,"Vous pouvez svp
Pus bou amoul réseau mom",1,https://web.facebook.com/photo/?fbid=1273686608133042&set=a.454658450035866&locale=fr_FR,pouvez svp pu bou amoul rseau mom,Neutre,0.0,Neutre,0.2421,True
,,Bonjour comment savoir si sa sim est identifié j ai ma puce depuis 2000,0,https://web.facebook.com/photo/?fbid=1273686608133042&set=a.454658450035866&locale=fr_FR,bonjour comment savoir si sim identifi puce depuis,Neutre,0.0,Neutre,0.2585,True
,,Il faut régler le réseau,0,https://web.facebook.com/photo/?fbid=1273686608133042&set=a.454658450035866&locale=fr_FR,faut rgler rseau,Neutre,0.0,Neutre,0.4881,True
,,Mane dé biss bou ngén daggué sama numéro ma changer opérateur,0,https://web.facebook.com/photo/?fbid=1273686608133042&set=a.454658450035866&locale=fr_FR,mane biss bou ngn daggu sama numro changer oprateur,Neutre,0.0,Neutre,0.3118,True
,,Ndieuké lene sama numéro sani nako bou yag amo lene réseau Bonne nouvelle la Sene puch amoul ndiarigne,0,https://web.facebook.com/photo/?fbid=1273686608133042&set=a.454658450035866&locale=fr_FR,ndieuk lene sama numro sani nako bou yag amo lene rseau bonne nouvelle sene puch amoul ndiarigne,Neutre,0.0,Neutre,0.306,True
,,Thillé Boubacar plus précisément Départementale de Podor amoul réseau Expresso,1,https://web.facebook.com/photo/?fbid=1265871108914592&set=a.454658450035866&locale=fr_FR,thill boubacar plus prcisment dpartementale podor amoul rseau expresso,Neutre,0.0,Neutre,0.2402,True
,,Amo lene réseau mo takh 1 ans utiliser ma expresso,0,https://web.facebook.com/photo/?fbid=1265871108914592&set=a.454658450035866&locale=fr_FR,amo lene rseau mo takh an utiliser expresso,Neutre,0.0,Positif,0.3301,False
,,Vous êtes les meilleurs,0,https://web.facebook.com/photo/?fbid=1265871108914592&set=a.454658450035866&locale=fr_FR,meilleurs,Neutre,0.0,Positif,0.8388,False
,,Appelle et sms ne passe pas pourquoi,0,https://web.facebook.com/photo/?fbid=1265871108914592&set=a.454658450035866&locale=fr_FR,appelle sm passe pourquoi,Neutre,0.0,Négatif,0.5604,False
,,Réseau bi bakhoul dra à kedougou 3g mofi am,0,https://web.facebook.com/photo/?fbid=1241442098024160&set=a.454658450035866&locale=fr_FR,rseau bi bakhoul dra kedougou g mofi am,Neutre,0.0,Positif,0.3394,False
,,13GO en moins d’une semaine thi Facebook ak WhatsApp kasé d’accord.‍♂️,0,https://web.facebook.com/photo/?fbid=1241442098024160&set=a.454658450035866&locale=fr_FR,go moins dune semaine thi facebook ak whatsapp ka daccord,Neutre,0.0,Négatif,0.5587,False
,,Comment emprunter du crédit,0,https://web.facebook.com/photo/?fbid=1241442098024160&set=a.454658450035866&locale=fr_FR,comment emprunter crdit,Neutre,0.0,Positif,0.4729,False
,,Réduction _50% 1300 7j,0,https://web.facebook.com/photo/?fbid=1265871108914592&set=a.454658450035866&locale=fr_FR,rduction,Neutre,0.0,Positif,0.513,False
,,Wi même le réseau a matam est catastrophique maintenant.,0,https://web.facebook.com/photo/?fbid=1265871108914592&set=a.454658450035866&locale=fr_FR,wi mme rseau a matam catastrophique maintenant,Neutre,0.0,Négatif,0.7335,False
,,Pourquoi votre connectivité a mbacké a chuté de façon drastique.on arrive plus à avoir une connexion stable.maintenant je suis obligé d' acheter un pass orange pour me connecter,0,https://web.facebook.com/photo/?fbid=1265871108914592&set=a.454658450035866&locale=fr_FR,pourquoi connectivit a mback a chut faon drastiqueon arrive plus avoir connexion stablemaintenant oblig acheter pas orange connecter,Neutre,0.0,Négatif,0.4717,False
,,J'ai vu que vous alliez ouvrir une succursale à mbour je cherche du travail j'ai déjà envoyé mon CV sur votre site,0,https://web.facebook.com/photo/?fbid=1265871108914592&set=a.454658450035866&locale=fr_FR,jai vu alliez ouvrir succursale mbour cherche travail jai dj envoy cv site,Neutre,0.0,Neutre,0.2458,True
,,On dirait que pas de réduction pour un mois,0,https://web.facebook.com/photo/?fbid=1265871108914592&set=a.454658450035866&locale=fr_FR,dirait rduction mois,Neutre,0.0,Négatif,0.3783,False
,,Réseau 4 g amoul kedougou règlelent lolou,0,https://web.facebook.com/photo/?fbid=1265871108914592&set=a.454658450035866&locale=fr_FR,rseau g amoul kedougou rglelent lolou,Neutre,0.0,Négatif,0.3323,False
,,50 pour sans,0,https://web.facebook.com/photo/?fbid=1265871108914592&set=a.454658450035866&locale=fr_FR,sans,Neutre,0.0,Neutre,0.2914,True
,,Mane sama deal bi nieweutoul depuis 1 mois à chaque fois soumalen wower nguen nima dinako régler patienter chaque lolou nguen may wakh,0,https://web.facebook.com/photo/?fbid=1265871108914592&set=a.454658450035866&locale=fr_FR,mane sama deal bi nieweutoul depuis mois chaque fois soumalen wower nguen nima dinako rgler patienter chaque lolou nguen may wakh,Neutre,0.0,Négatif,0.4251,False
,,Réseau zéro,0,https://web.facebook.com/photo/?fbid=1265871108914592&set=a.454658450035866&locale=fr_FR,rseau zro,Neutre,0.0,Négatif,0.7117,False
,,Vous avez un problème de réseau,1,https://web.facebook.com/photo/?fbid=1232531868915183&set=a.454658450035866&locale=fr_FR,problme rseau,Neutre,0.0,Neutre,0.2579,True
,,Expliquez moi pourquoi je ne vois pas les sms cités sur mon forfait,0,https://web.facebook.com/photo/?fbid=1232531868915183&set=a.454658450035866&locale=fr_FR,expliquez pourquoi vois sm cits forfait,Neutre,0.0,Positif,0.2893,False
,,Dolénma expliquer pourquoi dieund simple connexion ngay fay 5000f pour 30g té boy dieund buur 3000f dangay am 30g 300minutes ak 100sms louy li gayine,1,https://web.facebook.com/photo/?fbid=1232531868915183&set=a.454658450035866&locale=fr_FR,dolnma expliquer pourquoi dieund simple connexion ngay fay f g boy dieund buur f dangay am g minute ak sm louy li gayine,Neutre,0.0,Négatif,0.4358,False
,,Defar lén sen réseaux bi cote mbao bi guis na fa niou fa rothie séni puise de ndakh bo woté dou dem connexion bi tamit demoul da da da ba nia dem,0,https://web.facebook.com/photo/?fbid=1232531868915183&set=a.454658450035866&locale=fr_FR,defar ln sen rseaux bi cote mbao bi gui na fa niou fa rothie sni puise ndakh bo wot dou dem connexion bi tamit demoul da da da ba nia dem,Neutre,0.0,Négatif,0.4211,False
,,C'est le téléphone,1,https://web.facebook.com/photo/?fbid=1228757622625941&set=a.454658450035866&locale=fr_FR,cest tlphone,Neutre,0.0,Positif,0.4834,False
,,"Écho qui répète tout ceux que vous dite
Expresso Sénégal",0,https://web.facebook.com/photo/?fbid=1228757622625941&set=a.454658450035866&locale=fr_FR,cho rpte tout ceux dite expresso sngal,Neutre,0.0,Positif,0.4375,False
,,Téléphone,0,https://web.facebook.com/photo/?fbid=1228757622625941&set=a.454658450035866&locale=fr_FR,tlphone,Neutre,0.0,Positif,0.2976,False
,,"C'est l'écho. Il ne possède ni bouche ni œil, mais il répète ce qu'il a entendu.",0,https://web.facebook.com/photo/?fbid=1228757622625941&set=a.454658450035866&locale=fr_FR,cest lcho possde ni bouche ni rpte quil a entendu,Neutre,0.0,Neutre,0.3669,True
,,C'est un écho,0,https://web.facebook.com/photo/?fbid=1228757622625941&set=a.454658450035866&locale=fr_FR,cest cho,Neutre,0.0,Négatif,0.4666,False
,,Écho,0,https://web.facebook.com/photo/?fbid=1228757622625941&set=a.454658450035866&locale=fr_FR,cho,Neutre,0.0,Neutre,0.2316,True
,,Écho de téléphone,0,https://web.facebook.com/photo/?fbid=1228757622625941&set=a.454658450035866&locale=fr_FR,cho tlphone,Neutre,0.0,Positif,0.3072,False
,,Téléphone portable,0,https://web.facebook.com/photo/?fbid=1228757622625941&set=a.454658450035866&locale=fr_FR,tlphone portable,Neutre,0.0,Positif,0.3595,False
,,"Il reste 24h (1jour)  pour acheter l'action à ce prix, devenez actionnaire ci entreprise bii di Dioko qui est une entreprise 100% sénégalaise, svp ne restez pas seulement un simple consommateur comme  vous l'avez fait avec ( orange et wave ) Dioko 1 action= 5000 frs CFA aujourd'hui et  à pratir de 00h00 l'action coûtera 10000 frs CFA  donc profitez-en dés maintenant bala opportunité bi di weesu bul xeeb Li Nga Fa man a am avenir tay la ñu koy liggéey ngir man a nopplu ëllëg à bon entendeur. 

Bu la yittélee man Nga jokk ma teg la ci yoon ndeem soob na Yàlla 

Si ça vous intéresse vous pouvez me contacter directement Inch'Allah jaangeenjëf

Le lien vers la plateforme : https://actionnaire.diokoclient.com/

Contact WhatsApp : +221705182963",0,https://web.facebook.com/photo/?fbid=1232531868915183&set=a.454658450035866&locale=fr_FR,reste h jour acheter laction prix devenez actionnaire ci entreprise bii di dioko entreprise sngalaise svp restez seulement simple consommateur comme lavez fait orange wave dioko action fr cfa aujourdhui pratir h laction cotera fr cfa donc profitezen d maintenant bala opportunit bi di weesu bul xeeb li nga fa man a am avenir tay u koy liggey ngir man a nopplu llg bon entendeur bu yittlee man nga jokk teg ci yoon ndeem soob na ylla si a intresse pouvez contacter directement inchallah jaangeenjf lien vers plateforme contact whatsapp,Neutre,0.075,Négatif,0.4192,False
,,"Ayway xolatt lenn sen réseau bi ici a Diogo, c'est trop faible même appel sakh pour nga deff ko problème la, beugouma dem thi yeneinn operateur yi mais là mom je me sens obligé",0,https://web.facebook.com/photo/?fbid=1265871108914592&set=a.454658450035866&locale=fr_FR,ayway xolatt lenn sen rseau bi ici a diogo cest trop faible mme appel sakh nga deff ko problme beugouma dem thi yeneinn operateur yi mom sen oblig,Neutre,0.0,Négatif,0.4114,False
,,Bonjour expresso mes données mobiles ne s'affichent pas pourtant j'ai 3000go,0,https://web.facebook.com/photo/?fbid=1265871108914592&set=a.454658450035866&locale=fr_FR,bonjour expresso donne mobile saffichent pourtant jai go,Neutre,0.0,Négatif,0.4863,False
,,Expresso SenegalBonsoir j'aimerais savoir combien de Go compte le forfait lebalma net 700 24h?,0,https://web.facebook.com/photo/?fbid=1265871108914592&set=a.454658450035866&locale=fr_FR,expresso senegalbonsoir jaimerais savoir combien go compte forfait lebalma net h,Neutre,0.0,Neutre,0.2707,True
,,"Non seulement je ne vous parle pas de la mauvaise qualité de la connexion internet mais aussi d' une tarification abusive des forfaits , je n' arrive toujours pas à comprendre un forfait de 30g acheté le 25 Août et aujourd'hui on est le 6 je consulte et biimmmm #00G en moins de 12 jours pour un forfait de 30 jours. C'est purement de l' #arnaque . Vous faites pire que la concurrence Expresso Senegal . Je vous déconseille fortement ces forfaits franchement",0,https://web.facebook.com/photo/?fbid=1228757622625941&set=a.454658450035866&locale=fr_FR,non seulement parle mauvaise qualit connexion internet aussi tarification abusive forfaits arrive toujours comprendre forfait g achet aot aujourdhui consulte biimmmm moins jours forfait jours cest purement faites pire concurrence expresso senegal dconseille fortement forfaits franchement,Neutre,0.0,Négatif,0.9584,False
,,"L’écho.
Il n’a ni bouche ni yeux, mais il répète tous les sons qu’il “entend”.",0,https://web.facebook.com/photo/?fbid=1228757622625941&set=a.454658450035866&locale=fr_FR,lcho na ni bouche ni yeux rpte tous son quil entend,Neutre,0.0,Neutre,0.2566,True
,,"Bitcoin=51 bar gold #onepiece #bitcoin
Fer=ethureum #pylone #pilone
#Corona_Virus #var #T1T2 #cc #thg #business #19ck #09ck #kyste 
Ckyste -19ck laser crypto pour me suivre au palais de la République du Sénégal 
#cc by-sa 5.0 #dil #var #franklin #euro #CEO 
Thg #electricity #reseauxsociauxentreprise 
Deal échange vente 
Kyste19 construction #construction",0,https://web.facebook.com/photo?fbid=1285874596914243&set=a.454658450035866&locale=fr_FR,bitcoin bar gold ferethureum ckyste ck laser crypto suivre palais rpublique sngal bysa thg deal change vente kyste construction,Neutre,0.0,Négatif,0.3681,False
"Faire vos achats en ligne (Amazon, SHEIN…), payer votre abonnement (Netflix, Spotify…) ainsi qu’accéder à plusieurs jeux SANS carte bancaire, c’est possible avec le Store 70 !Wawaw Expresso mo leen...",,Meilleur,0,https://web.facebook.com/Expresso221/videos/1741479723399910?locale=fr_FR,meilleur,Neutre,0.0,Positif,0.7571,False
,,Bonjour je viens me plaindre des nombreux messages que vous m’envoyez surtout les messages flash. Ces messages m’interrompent à tout moment lorsque j’utilise mon téléphone. Cet excès de messages dépasse le cadre publicitaire à la limite je le considère comme une forme d’harcèlement. Le pire est que je n’arrive pas à joindre le service clients pour m’en plaindre. La seule solution qui s’offre à mes yeux est de me désabonner d’Expresso afin de pouvoir manipuler mon téléphone comme je l’entends et d’en jouir pleinement. Vos messages me pourrissent vraiment la vie. Plainte d’un fidèle client d’Expresso,0,https://web.facebook.com/photo/?fbid=1232321648936205&set=a.454658450035866&locale=fr_FR,bonjour viens plaindre nombreux message menvoyez surtout message flash message minterrompent tout moment lorsque jutilise tlphone cet excs message dpasse cadre publicitaire limite considre comme forme dharclement pire narrive joindre service client men plaindre seule solution soffre yeux dsabonner dexpresso afin pouvoir manipuler tlphone comme lentends den jouir pleinement message pourrissent vraiment vie plainte dun fidle client dexpresso,Neutre,0.0,Négatif,0.7029,False
,,Avec expresso c'est nickel,0,https://web.facebook.com/photo/?fbid=1232321648936205&set=a.454658450035866&locale=fr_FR,expresso cest nickel,Neutre,0.0,Positif,0.602,False
